input_index,target_n,status,final_correctness,failure_kind,factor_expression,parser_success,raw_output_count,parsed_output_count,parse_failure_count,provider_attempt_count,retry_count,usage_total_tokens,cost_estimate,latency_ms,providers,models
0,1030189,passed,true,,1009 * 1021,true,1,1,0,1,0,718,0.0019742,6636,"[""siliconflow""]","[""zai-org/GLM-5.2""]"
1,1034273,passed,true,,1013 * 1021,true,1,1,0,1,0,625,0.001565,5264,"[""siliconflow""]","[""zai-org/GLM-5.2""]"
2,1054693,passed,true,,1021 * 1033,true,1,1,0,1,0,1028,0.0033382000000000004,11488,"[""siliconflow""]","[""zai-org/GLM-5.2""]"
3,1060459,passed,true,,1009 * 1051,true,1,1,0,1,0,809,0.0023746,8191,"[""siliconflow""]","[""zai-org/GLM-5.2""]"
4,1070969,passed,true,,1019 * 1051,true,1,1,0,1,0,1049,0.0034306000000000002,12213,"[""siliconflow""]","[""zai-org/GLM-5.2""]"
5,1072567,passed,true,,1009 * 1063,true,1,1,0,1,0,1382,0.0049018,18308,"[""siliconflow""]","[""zai-org/GLM-5.2""]"
6,1078621,passed,true,,1009 * 1069,true,1,1,0,1,0,884,0.0027046,9282,"[""siliconflow""]","[""zai-org/GLM-5.2""]"
7,1081159,passed,true,,1019 * 1061,true,1,1,0,1,0,958,0.0030361999999999997,10693,"[""siliconflow""]","[""zai-org/GLM-5.2""]"
8,1083197,passed,true,,1019 * 1063,true,1,1,0,1,0,1109,0.0036946000000000006,13101,"[""siliconflow""]","[""zai-org/GLM-5.2""]"
9,1085323,passed,true,,1021 * 1063,true,1,1,0,1,0,1081,0.0035714,12577,"[""siliconflow""]","[""zai-org/GLM-5.2""]"
10,1102837,passed,true,,1009 * 1093,true,1,1,0,1,0,871,0.0026474000000000003,9361,"[""siliconflow""]","[""zai-org/GLM-5.2""]"
11,1107209,passed,true,,1013 * 1093,true,1,1,0,1,0,930,0.0029130000000000002,9752,"[""siliconflow""]","[""zai-org/GLM-5.2""]"
12,1107653,passed,true,,1019 * 1087,true,1,1,0,1,0,936,0.0029334000000000005,9714,"[""siliconflow""]","[""zai-org/GLM-5.2""]"
13,1117339,passed,true,,1013 * 1103,true,1,1,0,1,0,949,0.0029906000000000004,10720,"[""siliconflow""]","[""zai-org/GLM-5.2""]"
14,1120697,passed,true,,1031 * 1087,true,1,1,0,1,0,1138,0.0038222,13883,"[""siliconflow""]","[""zai-org/GLM-5.2""]"
15,1123417,passed,true,,1013 * 1109,true,1,1,0,1,0,933,0.0029202,10464,"[""siliconflow""]","[""zai-org/GLM-5.2""]"
16,1126883,passed,true,,1031 * 1093,true,1,1,0,1,0,1120,0.0037430000000000002,12885,"[""siliconflow""]","[""zai-org/GLM-5.2""]"
17,1140457,passed,true,,1021 * 1117,true,1,1,0,1,0,1299,0.0045306,16931,"[""siliconflow""]","[""zai-org/GLM-5.2""]"
18,1143379,failed,false,executor_error,,false,0,0,0,1,0,0,0.0,20115,[],[]
19,1151627,passed,true,,1031 * 1117,true,1,1,0,1,0,1059,0.0034806000000000004,12613,"[""siliconflow""]","[""zai-org/GLM-5.2""]"
20,1167989,passed,true,,1013 * 1153,true,1,1,0,1,0,1012,0.0032678000000000004,11695,"[""siliconflow""]","[""zai-org/GLM-5.2""]"
21,1173467,passed,true,,1009 * 1163,true,1,1,0,1,0,953,0.0030082000000000004,10425,"[""siliconflow""]","[""zai-org/GLM-5.2""]"
22,1193249,passed,true,,1019 * 1171,true,1,1,0,1,0,963,0.0030522000000000006,10273,"[""siliconflow""]","[""zai-org/GLM-5.2""]"
23,1202431,failed,false,executor_error,,false,0,0,0,1,0,0,0.0,20119,[],[]
24,1208509,passed,true,,1013 * 1193,true,1,1,0,1,0,881,0.0026974,9174,"[""siliconflow""]","[""zai-org/GLM-5.2""]"
25,1216613,passed,true,,1013 * 1201,true,1,1,0,1,0,901,0.0027794000000000004,9662,"[""siliconflow""]","[""zai-org/GLM-5.2""]"
26,1223819,passed,true,,1019 * 1201,true,1,1,0,1,0,965,0.0030610000000000004,10694,"[""siliconflow""]","[""zai-org/GLM-5.2""]"
27,1223917,passed,true,,1009 * 1213,true,1,1,0,1,0,775,0.0022250000000000004,7446,"[""siliconflow""]","[""zai-org/GLM-5.2""]"
28,1227953,passed,true,,1009 * 1217,true,1,1,0,1,0,810,0.002379,7621,"[""siliconflow""]","[""zai-org/GLM-5.2""]"
29,1236047,passed,true,,1019 * 1213,true,1,1,0,1,0,930,0.0029070000000000003,9611,"[""siliconflow""]","[""zai-org/GLM-5.2""]"
30,1260241,passed,true,,1009 * 1249,true,1,1,0,1,0,821,0.0024274,8271,"[""siliconflow""]","[""zai-org/GLM-5.2""]"
31,1282921,passed,true,,1019 * 1259,true,1,1,0,1,0,996,0.0031974,10981,"[""siliconflow""]","[""zai-org/GLM-5.2""]"
32,1288493,passed,true,,1009 * 1277,true,1,1,0,1,0,1053,0.0034482000000000002,12336,"[""siliconflow""]","[""zai-org/GLM-5.2""]"
33,1294547,passed,true,,1009 * 1283,true,1,1,0,1,0,775,0.0022250000000000004,7900,"[""siliconflow""]","[""zai-org/GLM-5.2""]"
34,1313861,passed,true,,1013 * 1297,true,1,1,0,1,0,830,0.002467,8065,"[""siliconflow""]","[""zai-org/GLM-5.2""]"
35,1318649,passed,true,,1031 * 1279,true,1,1,0,1,0,1356,0.0047814,17522,"[""siliconflow""]","[""zai-org/GLM-5.2""]"
36,1330871,passed,true,,1009 * 1319,true,1,1,0,1,0,822,0.0024318000000000005,8765,"[""siliconflow""]","[""zai-org/GLM-5.2""]"
37,1331021,passed,true,,1031 * 1291,true,1,1,0,1,0,1027,0.0033398,11533,"[""siliconflow""]","[""zai-org/GLM-5.2""]"
38,1338173,passed,true,,1013 * 1321,true,1,1,0,1,0,943,0.0029642,10156,"[""siliconflow""]","[""zai-org/GLM-5.2""]"
39,1343393,passed,true,,1031 * 1303,true,1,1,0,1,0,1489,0.0053666,18234,"[""siliconflow""]","[""zai-org/GLM-5.2""]"
40,1344251,passed,true,,1013 * 1327,true,1,1,0,1,0,913,0.0028322000000000004,9138,"[""siliconflow""]","[""zai-org/GLM-5.2""]"
41,1347517,passed,true,,1031 * 1307,true,1,1,0,1,0,1414,0.0050366,19793,"[""siliconflow""]","[""zai-org/GLM-5.2""]"
42,1348741,passed,true,,1021 * 1321,true,1,1,0,1,0,1069,0.0035186,13061,"[""siliconflow""]","[""zai-org/GLM-5.2""]"
43,1354867,passed,true,,1021 * 1327,true,1,1,0,1,0,1121,0.0037474,14595,"[""siliconflow""]","[""zai-org/GLM-5.2""]"
44,1361951,passed,true,,1031 * 1321,true,1,1,0,1,0,1178,0.0040042,14608,"[""siliconflow""]","[""zai-org/GLM-5.2""]"
45,1385357,passed,true,,1009 * 1373,true,1,1,0,1,0,855,0.0025770000000000003,9976,"[""siliconflow""]","[""zai-org/GLM-5.2""]"
46,1386859,passed,true,,1019 * 1361,true,1,1,0,1,0,908,0.0028102,10006,"[""siliconflow""]","[""zai-org/GLM-5.2""]"
47,1409377,passed,true,,1031 * 1367,true,1,1,0,1,0,1029,0.0033426000000000003,11545,"[""siliconflow""]","[""zai-org/GLM-5.2""]"
48,1411591,passed,true,,1009 * 1399,true,1,1,0,1,0,786,0.0022794,8067,"[""siliconflow""]","[""zai-org/GLM-5.2""]"
49,1417187,passed,true,,1013 * 1399,true,1,1,0,1,0,1023,0.0033162,11452,"[""siliconflow""]","[""zai-org/GLM-5.2""]"
50,1435771,passed,true,,1019 * 1409,true,1,1,0,1,0,900,0.0027750000000000006,9649,"[""siliconflow""]","[""zai-org/GLM-5.2""]"
51,1452679,passed,true,,1031 * 1409,true,1,1,0,1,0,1126,0.0037694000000000004,12823,"[""siliconflow""]","[""zai-org/GLM-5.2""]"
52,1452883,passed,true,,1021 * 1423,true,1,1,0,1,0,1065,0.0035010000000000006,15283,"[""siliconflow""]","[""zai-org/GLM-5.2""]"
53,1454113,passed,true,,1019 * 1427,true,1,1,0,1,0,953,0.0030082000000000004,9779,"[""siliconflow""]","[""zai-org/GLM-5.2""]"
54,1466077,passed,true,,1009 * 1453,true,1,1,0,1,0,848,0.0025462,8778,"[""siliconflow""]","[""zai-org/GLM-5.2""]"
55,1477387,passed,true,,1021 * 1447,true,1,1,0,1,0,942,0.0029598000000000003,10030,"[""siliconflow""]","[""zai-org/GLM-5.2""]"
56,1478569,passed,true,,1019 * 1451,true,1,1,0,1,0,1112,0.0037078000000000002,12989,"[""siliconflow""]","[""zai-org/GLM-5.2""]"
57,1500383,passed,true,,1009 * 1487,true,1,1,0,1,0,928,0.0028982000000000005,10179,"[""siliconflow""]","[""zai-org/GLM-5.2""]"
58,1502279,passed,true,,1013 * 1483,true,1,1,0,1,0,1000,0.003215,11395,"[""siliconflow""]","[""zai-org/GLM-5.2""]"
59,1504229,passed,true,,1031 * 1459,true,1,1,0,1,0,1148,0.0038662,13212,"[""siliconflow""]","[""zai-org/GLM-5.2""]"
60,1506437,passed,true,,1009 * 1493,true,1,1,0,1,0,920,0.002863,9579,"[""siliconflow""]","[""zai-org/GLM-5.2""]"
61,1508357,passed,true,,1013 * 1489,true,1,1,0,1,0,909,0.0028146000000000004,9314,"[""siliconflow""]","[""zai-org/GLM-5.2""]"
62,1512101,passed,true,,1021 * 1481,true,1,1,0,1,0,1077,0.0035598,13212,"[""siliconflow""]","[""zai-org/GLM-5.2""]"
63,1512491,passed,true,,1009 * 1499,true,1,1,0,1,0,948,0.0029862000000000005,10997,"[""siliconflow""]","[""zai-org/GLM-5.2""]"
64,1518487,passed,true,,1013 * 1499,true,1,1,0,1,0,839,0.0025066000000000003,9091,"[""siliconflow""]","[""zai-org/GLM-5.2""]"
65,1520269,passed,true,,1021 * 1489,true,1,1,0,1,0,992,0.0031798000000000004,11387,"[""siliconflow""]","[""zai-org/GLM-5.2""]"
66,1521367,passed,true,,1019 * 1493,true,1,1,0,1,0,1106,0.0036874,13208,"[""siliconflow""]","[""zai-org/GLM-5.2""]"
67,1528973,passed,true,,1031 * 1483,true,1,1,0,1,0,1091,0.0036154000000000004,12157,"[""siliconflow""]","[""zai-org/GLM-5.2""]"
68,1539283,passed,true,,1031 * 1493,true,1,1,0,1,0,1127,0.0037738000000000003,13233,"[""siliconflow""]","[""zai-org/GLM-5.2""]"
69,1557841,passed,true,,1031 * 1511,true,1,1,0,1,0,1220,0.004183,16100,"[""siliconflow""]","[""zai-org/GLM-5.2""]"
70,1572317,passed,true,,1019 * 1543,true,1,1,0,1,0,906,0.0028014,10064,"[""siliconflow""]","[""zai-org/GLM-5.2""]"
71,1575403,passed,true,,1021 * 1543,true,1,1,0,1,0,1024,0.0033206000000000004,11810,"[""siliconflow""]","[""zai-org/GLM-5.2""]"
72,1588621,passed,true,,1019 * 1559,true,1,1,0,1,0,967,0.0030698000000000006,11256,"[""siliconflow""]","[""zai-org/GLM-5.2""]"
73,1591423,passed,true,,1013 * 1571,true,1,1,0,1,0,906,0.0028074,9742,"[""siliconflow""]","[""zai-org/GLM-5.2""]"
74,1593211,passed,true,,1009 * 1579,true,1,1,0,1,0,842,0.0025198000000000004,9226,"[""siliconflow""]","[""zai-org/GLM-5.2""]"
75,1599527,passed,true,,1013 * 1579,true,1,1,0,1,0,925,0.0028850000000000004,10265,"[""siliconflow""]","[""zai-org/GLM-5.2""]"
76,1619701,passed,true,,1031 * 1571,true,1,1,0,1,0,1194,0.0040686,14445,"[""siliconflow""]","[""zai-org/GLM-5.2""]"
77,1621813,passed,true,,1013 * 1601,true,1,1,0,1,0,850,0.002561,8528,"[""siliconflow""]","[""zai-org/GLM-5.2""]"
78,1627949,passed,true,,1031 * 1579,true,1,1,0,1,0,1323,0.0046362,17021,"[""siliconflow""]","[""zai-org/GLM-5.2""]"
79,1637533,passed,true,,1019 * 1607,true,1,1,0,1,0,1182,0.004015800000000001,14507,"[""siliconflow""]","[""zai-org/GLM-5.2""]"
80,1640747,passed,true,,1021 * 1607,true,1,1,0,1,0,1176,0.003989400000000001,14142,"[""siliconflow""]","[""zai-org/GLM-5.2""]"
81,1652999,passed,true,,1021 * 1619,true,1,1,0,1,0,1013,0.0032722000000000003,10867,"[""siliconflow""]","[""zai-org/GLM-5.2""]"
82,1656817,passed,true,,1031 * 1607,true,1,1,0,1,0,1079,0.0035626000000000004,12170,"[""siliconflow""]","[""zai-org/GLM-5.2""]"
83,1657913,passed,true,,1019 * 1627,true,1,1,0,1,0,976,0.0031094000000000004,10941,"[""siliconflow""]","[""zai-org/GLM-5.2""]"
84,1658281,passed,true,,1013 * 1637,true,1,1,0,1,0,960,0.003039,11021,"[""siliconflow""]","[""zai-org/GLM-5.2""]"
85,1669189,passed,true,,1031 * 1619,true,1,1,0,1,0,1065,0.0035010000000000006,11912,"[""siliconflow""]","[""zai-org/GLM-5.2""]"
86,1684619,passed,true,,1013 * 1663,true,1,1,0,1,0,933,0.0029202,10358,"[""siliconflow""]","[""zai-org/GLM-5.2""]"
87,1688483,passed,true,,1019 * 1657,true,1,1,0,1,0,1294,0.0045086,16020,"[""siliconflow""]","[""zai-org/GLM-5.2""]"
88,1700711,passed,true,,1019 * 1669,true,1,1,0,1,0,960,0.003039,11037,"[""siliconflow""]","[""zai-org/GLM-5.2""]"
89,1708367,passed,true,,1031 * 1657,true,1,1,0,1,0,1124,0.0037606000000000007,13602,"[""siliconflow""]","[""zai-org/GLM-5.2""]"
90,1715009,passed,true,,1013 * 1693,true,1,1,0,1,0,1052,0.0034498,12237,"[""siliconflow""]","[""zai-org/GLM-5.2""]"
91,1718677,passed,true,,1031 * 1667,true,1,1,0,1,0,1154,0.0038926000000000004,15018,"[""siliconflow""]","[""zai-org/GLM-5.2""]"
92,1721087,passed,true,,1013 * 1699,true,1,1,0,1,0,909,0.0028206,9862,"[""siliconflow""]","[""zai-org/GLM-5.2""]"
93,1745399,passed,true,,1013 * 1723,true,1,1,0,1,0,1078,0.0035582000000000005,12946,"[""siliconflow""]","[""zai-org/GLM-5.2""]"
94,1751669,passed,true,,1031 * 1699,true,1,1,0,1,0,1014,0.0032826,11711,"[""siliconflow""]","[""zai-org/GLM-5.2""]"
95,1753699,passed,true,,1019 * 1721,true,1,1,0,1,0,1005,0.0032370000000000003,11729,"[""siliconflow""]","[""zai-org/GLM-5.2""]"
96,1755737,passed,true,,1019 * 1723,true,1,1,0,1,0,990,0.0031710000000000006,10985,"[""siliconflow""]","[""zai-org/GLM-5.2""]"
97,1756669,passed,true,,1009 * 1741,true,1,1,0,1,0,787,0.0022778,7665,"[""siliconflow""]","[""zai-org/GLM-5.2""]"
98,1759183,passed,true,,1021 * 1723,true,1,1,0,1,0,1080,0.0035670000000000003,12520,"[""siliconflow""]","[""zai-org/GLM-5.2""]"
99,1774351,passed,true,,1031 * 1721,true,1,1,0,1,0,1129,0.0037826,13002,"[""siliconflow""]","[""zai-org/GLM-5.2""]"
100,1776413,passed,true,,1031 * 1723,true,1,1,0,1,0,1239,0.004266600000000001,15266,"[""siliconflow""]","[""zai-org/GLM-5.2""]"
101,1786307,passed,true,,1019 * 1753,true,1,1,0,1,0,1008,0.0032502000000000004,11409,"[""siliconflow""]","[""zai-org/GLM-5.2""]"
102,1792993,passed,true,,1009 * 1777,true,1,1,0,1,0,1006,0.0032414,11094,"[""siliconflow""]","[""zai-org/GLM-5.2""]"
103,1794971,passed,true,,1031 * 1741,true,1,1,0,1,0,1129,0.0037826,13177,"[""siliconflow""]","[""zai-org/GLM-5.2""]"
104,1813529,passed,true,,1031 * 1759,true,1,1,0,1,0,1182,0.004015800000000001,13764,"[""siliconflow""]","[""zai-org/GLM-5.2""]"
105,1838821,passed,true,,1021 * 1801,true,1,1,0,1,0,1141,0.0038354000000000005,13671,"[""siliconflow""]","[""zai-org/GLM-5.2""]"
106,1839407,passed,true,,1009 * 1823,true,1,1,0,1,0,779,0.0022426,7236,"[""siliconflow""]","[""zai-org/GLM-5.2""]"
107,1842397,passed,true,,1031 * 1787,true,1,1,0,1,0,1114,0.0037166000000000005,13793,"[""siliconflow""]","[""zai-org/GLM-5.2""]"
108,1845409,passed,true,,1019 * 1811,true,1,1,0,1,0,1123,0.0037562000000000003,14125,"[""siliconflow""]","[""zai-org/GLM-5.2""]"
109,1849031,passed,true,,1021 * 1811,true,1,1,0,1,0,1041,0.0033954000000000002,11593,"[""siliconflow""]","[""zai-org/GLM-5.2""]"
110,1887761,passed,true,,1031 * 1831,true,1,1,0,1,0,1136,0.0038134000000000006,13495,"[""siliconflow""]","[""zai-org/GLM-5.2""]"
111,1893893,passed,true,,1009 * 1877,true,1,1,0,1,0,929,0.0029026,9382,"[""siliconflow""]","[""zai-org/GLM-5.2""]"
112,1897349,passed,true,,1013 * 1873,true,1,1,0,1,0,927,0.0028938000000000006,10195,"[""siliconflow""]","[""zai-org/GLM-5.2""]"
113,1904257,passed,true,,1031 * 1847,true,1,1,0,1,0,1202,0.0041038,14201,"[""siliconflow""]","[""zai-org/GLM-5.2""]"
114,1906549,passed,true,,1019 * 1871,true,1,1,0,1,0,966,0.0030654000000000002,11782,"[""siliconflow""]","[""zai-org/GLM-5.2""]"
115,1916417,passed,true,,1021 * 1877,true,1,1,0,1,0,1181,0.0040054,14078,"[""siliconflow""]","[""zai-org/GLM-5.2""]"
116,1918459,passed,true,,1021 * 1879,true,1,1,0,1,0,1365,0.004815,17519,"[""siliconflow""]","[""zai-org/GLM-5.2""]"
117,1918691,passed,true,,1031 * 1861,true,1,1,0,1,0,1277,0.004427800000000001,15853,"[""siliconflow""]","[""zai-org/GLM-5.2""]"
118,1924877,passed,true,,1031 * 1867,true,1,1,0,1,0,1203,0.0041082,14172,"[""siliconflow""]","[""zai-org/GLM-5.2""]"
119,1924891,passed,true,,1019 * 1889,true,1,1,0,1,0,1023,0.0033162,11692,"[""siliconflow""]","[""zai-org/GLM-5.2""]"
120,1935187,passed,true,,1031 * 1877,true,1,1,0,1,0,1329,0.0046566,16550,"[""siliconflow""]","[""zai-org/GLM-5.2""]"
121,1947559,passed,true,,1031 * 1889,true,1,1,0,1,0,1202,0.0040978,14840,"[""siliconflow""]","[""zai-org/GLM-5.2""]"
122,1971551,passed,true,,1021 * 1931,true,1,1,0,1,0,990,0.0031710000000000006,10666,"[""siliconflow""]","[""zai-org/GLM-5.2""]"
123,1991971,passed,true,,1021 * 1951,true,1,1,0,1,0,1221,0.0041874,15414,"[""siliconflow""]","[""zai-org/GLM-5.2""]"
124,1992923,passed,true,,1031 * 1933,true,1,1,0,1,0,1154,0.0038926000000000004,13379,"[""siliconflow""]","[""zai-org/GLM-5.2""]"
125,2004883,passed,true,,1009 * 1987,true,1,1,0,1,0,796,0.0023174000000000003,7987,"[""siliconflow""]","[""zai-org/GLM-5.2""]"
126,2010937,passed,true,,1009 * 1993,true,1,1,0,1,0,795,0.0023130000000000004,7738,"[""siliconflow""]","[""zai-org/GLM-5.2""]"
127,2014973,passed,true,,1009 * 1997,true,1,1,0,1,0,835,0.0024890000000000003,8271,"[""siliconflow""]","[""zai-org/GLM-5.2""]"
128,2020559,passed,true,,1021 * 1979,true,1,1,0,1,0,1069,0.0035186,12333,"[""siliconflow""]","[""zai-org/GLM-5.2""]"
129,2021027,passed,true,,1009 * 2003,true,1,1,0,1,0,624,0.0015666,4796,"[""siliconflow""]","[""zai-org/GLM-5.2""]"
130,2024987,passed,true,,1013 * 1999,true,1,1,0,1,0,1033,0.0033602000000000003,11519,"[""siliconflow""]","[""zai-org/GLM-5.2""]"
131,2035153,passed,true,,1009 * 2017,true,1,1,0,1,0,800,0.002335,7584,"[""siliconflow""]","[""zai-org/GLM-5.2""]"
132,2040979,passed,true,,1021 * 1999,true,1,1,0,1,0,1045,0.0034130000000000002,12122,"[""siliconflow""]","[""zai-org/GLM-5.2""]"
133,2058907,passed,true,,1031 * 1997,true,1,1,0,1,0,1095,0.0036330000000000004,12199,"[""siliconflow""]","[""zai-org/GLM-5.2""]"
134,2065093,passed,true,,1031 * 2003,true,1,1,0,1,0,1009,0.0032546000000000003,10571,"[""siliconflow""]","[""zai-org/GLM-5.2""]"
135,2069567,passed,true,,1021 * 2027,true,1,1,0,1,0,1102,0.0036638,14073,"[""siliconflow""]","[""zai-org/GLM-5.2""]"
136,2073341,passed,true,,1031 * 2011,true,1,1,0,1,0,1039,0.0033866000000000005,12284,"[""siliconflow""]","[""zai-org/GLM-5.2""]"
137,2079527,passed,true,,1031 * 2017,true,1,1,0,1,0,1339,0.0047066,17229,"[""siliconflow""]","[""zai-org/GLM-5.2""]"
138,2089819,passed,true,,1013 * 2063,true,1,1,0,1,0,914,0.0028366000000000003,10172,"[""siliconflow""]","[""zai-org/GLM-5.2""]"
139,2092007,passed,true,,1019 * 2053,true,1,1,0,1,0,1302,0.0045498,18366,"[""siliconflow""]","[""zai-org/GLM-5.2""]"
140,2096113,failed,false,executor_error,,false,0,0,0,1,0,0,0.0,20107,[],[]
141,2102197,passed,true,,1019 * 2063,true,1,1,0,1,0,914,0.0028366000000000003,9411,"[""siliconflow""]","[""zai-org/GLM-5.2""]"
142,2102209,passed,true,,1031 * 2039,true,1,1,0,1,0,1144,0.0038546,13312,"[""siliconflow""]","[""zai-org/GLM-5.2""]"
143,2110079,passed,true,,1013 * 2083,true,1,1,0,1,0,974,0.0031066,11240,"[""siliconflow""]","[""zai-org/GLM-5.2""]"
144,2117891,passed,true,,1009 * 2099,true,1,1,0,1,0,802,0.0023438,7589,"[""siliconflow""]","[""zai-org/GLM-5.2""]"
145,2122577,passed,true,,1019 * 2083,true,1,1,0,1,0,948,0.0029862000000000005,11639,"[""siliconflow""]","[""zai-org/GLM-5.2""]"
146,2128691,passed,true,,1019 * 2089,true,1,1,0,1,0,1004,0.0032326,11616,"[""siliconflow""]","[""zai-org/GLM-5.2""]"
147,2150179,passed,true,,1009 * 2131,true,1,1,0,1,0,1024,0.0033206000000000004,11352,"[""siliconflow""]","[""zai-org/GLM-5.2""]"
148,2151697,passed,true,,1031 * 2087,true,1,1,0,1,0,1119,0.0037446,14664,"[""siliconflow""]","[""zai-org/GLM-5.2""]"
149,2155331,passed,true,,1021 * 2111,true,1,1,0,1,0,1397,0.004961800000000001,18466,"[""siliconflow""]","[""zai-org/GLM-5.2""]"
150,2158703,passed,true,,1013 * 2131,true,1,1,0,1,0,947,0.0029818,10143,"[""siliconflow""]","[""zai-org/GLM-5.2""]"
151,2162287,passed,true,,1009 * 2143,true,1,1,0,1,0,985,0.003155,11025,"[""siliconflow""]","[""zai-org/GLM-5.2""]"
152,2168833,passed,true,,1013 * 2141,true,1,1,0,1,0,948,0.0029862000000000005,11854,"[""siliconflow""]","[""zai-org/GLM-5.2""]"
153,2169451,passed,true,,1019 * 2129,true,1,1,0,1,0,1232,0.0042358,15696,"[""siliconflow""]","[""zai-org/GLM-5.2""]"
154,2170859,passed,true,,1013 * 2143,true,1,1,0,1,0,850,0.0025550000000000004,8903,"[""siliconflow""]","[""zai-org/GLM-5.2""]"
155,2175751,passed,true,,1021 * 2131,true,1,1,0,1,0,1231,0.004231400000000001,15021,"[""siliconflow""]","[""zai-org/GLM-5.2""]"
156,2180989,passed,true,,1013 * 2153,true,1,1,0,1,0,1027,0.0033338,11811,"[""siliconflow""]","[""zai-org/GLM-5.2""]"
157,2181877,passed,true,,1021 * 2137,true,1,1,0,1,0,1004,0.0032386,12341,"[""siliconflow""]","[""zai-org/GLM-5.2""]"
158,2188003,passed,true,,1021 * 2143,true,1,1,0,1,0,1254,0.004338600000000001,15506,"[""siliconflow""]","[""zai-org/GLM-5.2""]"
159,2198611,passed,true,,1009 * 2179,true,1,1,0,1,0,955,0.0030110000000000002,11583,"[""siliconflow""]","[""zai-org/GLM-5.2""]"
160,2206381,passed,true,,1021 * 2161,true,1,1,0,1,0,1118,0.0037342000000000005,13191,"[""siliconflow""]","[""zai-org/GLM-5.2""]"
161,2209433,passed,true,,1031 * 2143,true,1,1,0,1,0,1199,0.004090600000000001,16435,"[""siliconflow""]","[""zai-org/GLM-5.2""]"
162,2227991,passed,true,,1031 * 2161,true,1,1,0,1,0,1123,0.0037562000000000003,12914,"[""siliconflow""]","[""zai-org/GLM-5.2""]"
163,2232917,failed,false,executor_error,,false,0,0,0,1,0,0,0.0,20143,[],[]
164,2249263,passed,true,,1021 * 2203,true,1,1,0,1,0,1138,0.0038162000000000005,12852,"[""siliconflow""]","[""zai-org/GLM-5.2""]"
165,2255047,passed,true,,1019 * 2213,true,1,1,0,1,0,1180,0.004007,14350,"[""siliconflow""]","[""zai-org/GLM-5.2""]"
166,2259151,passed,true,,1009 * 2239,true,1,1,0,1,0,886,0.0027134000000000004,8801,"[""siliconflow""]","[""zai-org/GLM-5.2""]"
167,2263187,passed,true,,1009 * 2243,true,1,1,0,1,0,888,0.0027162,10276,"[""siliconflow""]","[""zai-org/GLM-5.2""]"
168,2267641,passed,true,,1021 * 2221,true,1,1,0,1,0,1106,0.0036754,12391,"[""siliconflow""]","[""zai-org/GLM-5.2""]"
169,2271293,passed,true,,1031 * 2203,true,1,1,0,1,0,1110,0.0036990000000000005,13502,"[""siliconflow""]","[""zai-org/GLM-5.2""]"
170,2275417,passed,true,,1031 * 2207,true,1,1,0,1,0,1321,0.004621400000000001,16322,"[""siliconflow""]","[""zai-org/GLM-5.2""]"
171,2281541,passed,true,,1019 * 2239,true,1,1,0,1,0,1120,0.003749,12944,"[""siliconflow""]","[""zai-org/GLM-5.2""]"
172,2281603,passed,true,,1031 * 2213,true,1,1,0,1,0,1172,0.0039778,13813,"[""siliconflow""]","[""zai-org/GLM-5.2""]"
173,2286019,passed,true,,1021 * 2239,true,1,1,0,1,0,1221,0.0041874,14046,"[""siliconflow""]","[""zai-org/GLM-5.2""]"
174,2287403,passed,true,,1009 * 2267,true,1,1,0,1,0,954,0.0030126000000000003,9927,"[""siliconflow""]","[""zai-org/GLM-5.2""]"
175,2293457,passed,true,,1009 * 2273,true,1,1,0,1,0,832,0.0024698000000000003,8182,"[""siliconflow""]","[""zai-org/GLM-5.2""]"
176,2316187,passed,true,,1019 * 2273,true,1,1,0,1,0,1481,0.0053314,18959,"[""siliconflow""]","[""zai-org/GLM-5.2""]"
177,2326861,passed,true,,1013 * 2297,true,1,1,0,1,0,976,0.0031094000000000004,11266,"[""siliconflow""]","[""zai-org/GLM-5.2""]"
178,2339017,passed,true,,1013 * 2309,true,1,1,0,1,0,926,0.0028834,10119,"[""siliconflow""]","[""zai-org/GLM-5.2""]"
179,2339339,passed,true,,1031 * 2269,true,1,1,0,1,0,1445,0.0051670000000000015,18877,"[""siliconflow""]","[""zai-org/GLM-5.2""]"
180,2345237,passed,true,,1021 * 2297,true,1,1,0,1,0,1089,0.0036006000000000002,12474,"[""siliconflow""]","[""zai-org/GLM-5.2""]"
181,2354909,passed,true,,1019 * 2311,true,1,1,0,1,0,1088,0.0036022000000000007,12451,"[""siliconflow""]","[""zai-org/GLM-5.2""]"
182,2383441,passed,true,,1019 * 2339,true,1,1,0,1,0,1175,0.003979,14864,"[""siliconflow""]","[""zai-org/GLM-5.2""]"
183,2385479,passed,true,,1019 * 2341,true,1,1,0,1,0,1101,0.0036534000000000002,13532,"[""siliconflow""]","[""zai-org/GLM-5.2""]"
184,2387641,passed,true,,1013 * 2357,true,1,1,0,1,0,1076,0.0035434000000000004,12301,"[""siliconflow""]","[""zai-org/GLM-5.2""]"
185,2390161,passed,true,,1021 * 2341,true,1,1,0,1,0,1111,0.0036974000000000004,12790,"[""siliconflow""]","[""zai-org/GLM-5.2""]"
186,2400371,passed,true,,1021 * 2351,true,1,1,0,1,0,1203,0.0041082,14665,"[""siliconflow""]","[""zai-org/GLM-5.2""]"
187,2406497,passed,true,,1021 * 2357,true,1,1,0,1,0,987,0.0031578,10700,"[""siliconflow""]","[""zai-org/GLM-5.2""]"
188,2413571,passed,true,,1031 * 2341,true,1,1,0,1,0,1294,0.004502600000000001,16781,"[""siliconflow""]","[""zai-org/GLM-5.2""]"
189,2433043,passed,true,,1021 * 2383,true,1,1,0,1,0,1377,0.0048738,18788,"[""siliconflow""]","[""zai-org/GLM-5.2""]"
190,2438467,passed,true,,1019 * 2393,true,1,1,0,1,0,1083,0.0035742,13509,"[""siliconflow""]","[""zai-org/GLM-5.2""]"
191,2442343,passed,true,,1013 * 2411,true,1,1,0,1,0,1010,0.0032500000000000003,12369,"[""siliconflow""]","[""zai-org/GLM-5.2""]"
192,2448421,passed,true,,1013 * 2417,true,1,1,0,1,0,966,0.0030594,10701,"[""siliconflow""]","[""zai-org/GLM-5.2""]"
193,2449379,passed,true,,1021 * 2399,true,1,1,0,1,0,1217,0.0041608,15043,"[""siliconflow""]","[""zai-org/GLM-5.2""]"
194,2469023,passed,true,,1009 * 2447,true,1,1,0,1,0,858,0.0025812,9508,"[""siliconflow""]","[""zai-org/GLM-5.2""]"
195,2469037,passed,true,,1019 * 2423,true,1,1,0,1,0,1194,0.0040625999999999995,14882,"[""siliconflow""]","[""zai-org/GLM-5.2""]"
196,2472733,passed,true,,1013 * 2441,true,1,1,0,1,0,1023,0.0033102000000000006,13397,"[""siliconflow""]","[""zai-org/GLM-5.2""]"
197,2483303,passed,true,,1019 * 2437,true,1,1,0,1,0,1030,0.003344,11440,"[""siliconflow""]","[""zai-org/GLM-5.2""]"
198,2488177,passed,true,,1021 * 2437,true,1,1,0,1,0,1077,0.0035478000000000003,12111,"[""siliconflow""]","[""zai-org/GLM-5.2""]"
199,2491927,failed,false,executor_error,,false,0,0,0,1,0,0,0.0,20102,[],[]
200,2505721,failed,false,executor_error,,false,0,0,0,1,0,0,0.0,20099,[],[]
201,2510639,passed,true,,1021 * 2459,true,1,1,0,1,0,1046,0.0034113999999999998,11731,"[""siliconflow""]","[""zai-org/GLM-5.2""]"
202,2513873,passed,true,,1019 * 2467,true,1,1,0,1,0,1026,0.0033234000000000002,11213,"[""siliconflow""]","[""zai-org/GLM-5.2""]"
203,2518807,passed,true,,1021 * 2467,true,1,1,0,1,0,1462,0.0052418,18316,"[""siliconflow""]","[""zai-org/GLM-5.2""]"
204,2522857,passed,true,,1031 * 2447,true,1,1,0,1,0,1347,0.0047358,16920,"[""siliconflow""]","[""zai-org/GLM-5.2""]"
205,2524933,passed,true,,1021 * 2473,true,1,1,0,1,0,1231,0.004225400000000001,14441,"[""siliconflow""]","[""zai-org/GLM-5.2""]"
206,2525527,passed,true,,1009 * 2503,true,1,1,0,1,0,924,0.0028746,10393,"[""siliconflow""]","[""zai-org/GLM-5.2""]"
207,2535229,passed,true,,1031 * 2459,true,1,1,0,1,0,1360,0.004793,17125,"[""siliconflow""]","[""zai-org/GLM-5.2""]"
208,2535539,passed,true,,1013 * 2503,true,1,1,0,1,0,1087,0.0035918,12176,"[""siliconflow""]","[""zai-org/GLM-5.2""]"
209,2543689,passed,true,,1009 * 2521,true,1,1,0,1,0,949,0.0029846,10385,"[""siliconflow""]","[""zai-org/GLM-5.2""]"
210,2565887,passed,true,,1009 * 2543,true,1,1,0,1,0,1190,0.004051,15924,"[""siliconflow""]","[""zai-org/GLM-5.2""]"
211,2571941,passed,true,,1009 * 2549,true,1,1,0,1,0,853,0.0025622,9145,"[""siliconflow""]","[""zai-org/GLM-5.2""]"
212,2573941,passed,true,,1021 * 2521,true,1,1,0,1,0,1301,0.0045334,16824,"[""siliconflow""]","[""zai-org/GLM-5.2""]"
213,2587241,passed,true,,1019 * 2539,true,1,1,0,1,0,1052,0.0034378,11584,"[""siliconflow""]","[""zai-org/GLM-5.2""]"
214,2610697,passed,true,,1021 * 2557,true,1,1,0,1,0,1211,0.0041374,15115,"[""siliconflow""]","[""zai-org/GLM-5.2""]"
215,2614319,passed,true,,1009 * 2591,true,1,1,0,1,0,963,0.0030462,11551,"[""siliconflow""]","[""zai-org/GLM-5.2""]"
216,2636267,passed,true,,1031 * 2557,true,1,1,0,1,0,1117,0.0037238,12865,"[""siliconflow""]","[""zai-org/GLM-5.2""]"
217,2647453,passed,true,,1021 * 2593,true,1,1,0,1,0,1106,0.0036814000000000005,12813,"[""siliconflow""]","[""zai-org/GLM-5.2""]"
218,2663789,passed,true,,1021 * 2609,true,1,1,0,1,0,1386,0.004907400000000001,19137,"[""siliconflow""]","[""zai-org/GLM-5.2""]"
219,2666723,failed,false,executor_error,,false,0,0,0,1,0,0,0.0,20126,[],[]
220,2673383,passed,true,,1031 * 2593,true,1,1,0,1,0,1193,0.0040582000000000005,13848,"[""siliconflow""]","[""zai-org/GLM-5.2""]"
221,2688293,passed,true,,1021 * 2633,true,1,1,0,1,0,1221,0.0041784000000000005,14291,"[""siliconflow""]","[""zai-org/GLM-5.2""]"
222,2691541,passed,true,,1013 * 2657,true,1,1,0,1,0,1058,0.0034702,11753,"[""siliconflow""]","[""zai-org/GLM-5.2""]"
223,2695039,passed,true,,1009 * 2671,true,1,1,0,1,0,896,0.0027484,9262,"[""siliconflow""]","[""zai-org/GLM-5.2""]"
224,2698127,passed,true,,1031 * 2617,true,1,1,0,1,0,1135,0.0038000000000000004,13314,"[""siliconflow""]","[""zai-org/GLM-5.2""]"
225,2701093,passed,true,,1009 * 2677,true,1,1,0,1,0,964,0.0030626,10127,"[""siliconflow""]","[""zai-org/GLM-5.2""]"
226,2711183,passed,true,,1009 * 2687,true,1,1,0,1,0,1003,0.0032252,11264,"[""siliconflow""]","[""zai-org/GLM-5.2""]"
227,2721749,passed,true,,1019 * 2671,true,1,1,0,1,0,1242,0.0042768,16331,"[""siliconflow""]","[""zai-org/GLM-5.2""]"
228,2743471,passed,true,,1009 * 2719,true,1,1,0,1,0,947,0.0029758000000000002,11398,"[""siliconflow""]","[""zai-org/GLM-5.2""]"
229,2745469,passed,true,,1021 * 2689,true,1,1,0,1,0,1094,0.0036196,13001,"[""siliconflow""]","[""zai-org/GLM-5.2""]"
230,2750281,passed,true,,1019 * 2699,true,1,1,0,1,0,1417,0.005043800000000001,18726,"[""siliconflow""]","[""zai-org/GLM-5.2""]"
231,2755679,passed,true,,1021 * 2699,true,1,1,0,1,0,1260,0.004350000000000001,15425,"[""siliconflow""]","[""zai-org/GLM-5.2""]"
232,2766173,passed,true,,1031 * 2683,true,1,1,0,1,0,1349,0.0047446,18434,"[""siliconflow""]","[""zai-org/GLM-5.2""]"
233,2773741,passed,true,,1009 * 2749,true,1,1,0,1,0,868,0.0026252,9769,"[""siliconflow""]","[""zai-org/GLM-5.2""]"
234,2776483,passed,true,,1031 * 2693,true,1,1,0,1,0,1351,0.0047504,17525,"[""siliconflow""]","[""zai-org/GLM-5.2""]"
235,2784737,passed,true,,1013 * 2749,true,1,1,0,1,0,996,0.0031914000000000005,11397,"[""siliconflow""]","[""zai-org/GLM-5.2""]"
236,2788351,passed,true,,1021 * 2731,true,1,1,0,1,0,1190,0.0040420000000000005,14472,"[""siliconflow""]","[""zai-org/GLM-5.2""]"
237,2813599,passed,true,,1031 * 2729,true,1,1,0,1,0,1485,0.005340000000000001,19784,"[""siliconflow""]","[""zai-org/GLM-5.2""]"
238,2825107,passed,true,,1021 * 2767,true,1,1,0,1,0,1382,0.0048868,18168,"[""siliconflow""]","[""zai-org/GLM-5.2""]"
239,2825257,passed,true,,1013 * 2789,true,1,1,0,1,0,1086,0.0035844,12367,"[""siliconflow""]","[""zai-org/GLM-5.2""]"
240,2825971,passed,true,,1031 * 2741,true,1,1,0,1,0,1366,0.0048194,16911,"[""siliconflow""]","[""zai-org/GLM-5.2""]"
241,2827283,passed,true,,1013 * 2791,true,1,1,0,1,0,995,0.003184,11153,"[""siliconflow""]","[""zai-org/GLM-5.2""]"
242,2833361,passed,true,,1013 * 2797,true,1,1,0,1,0,1074,0.0035315999999999998,13125,"[""siliconflow""]","[""zai-org/GLM-5.2""]"
243,2844029,passed,true,,1019 * 2791,true,1,1,0,1,0,1017,0.0032808,11612,"[""siliconflow""]","[""zai-org/GLM-5.2""]"
244,2852777,passed,true,,1031 * 2767,true,1,1,0,1,0,1371,0.0048384000000000005,18394,"[""siliconflow""]","[""zai-org/GLM-5.2""]"
245,2855647,passed,true,,1013 * 2819,true,1,1,0,1,0,922,0.0028658,13021,"[""siliconflow""]","[""zai-org/GLM-5.2""]"
246,2855737,passed,true,,1021 * 2797,true,1,1,0,1,0,1249,0.0043016,18791,"[""siliconflow""]","[""zai-org/GLM-5.2""]"
247,2875459,passed,true,,1031 * 2789,true,1,1,0,1,0,1161,0.0039144,14377,"[""siliconflow""]","[""zai-org/GLM-5.2""]"
248,2886827,passed,true,,1019 * 2833,true,1,1,0,1,0,1158,0.0039012000000000005,13445,"[""siliconflow""]","[""zai-org/GLM-5.2""]"
249,2888063,failed,false,executor_error,,false,0,0,0,1,0,0,0.0,20120,[],[]
250,2890903,passed,true,,1019 * 2837,true,1,1,0,1,0,1051,0.0034334,13244,"[""siliconflow""]","[""zai-org/GLM-5.2""]"
251,2896577,passed,true,,1021 * 2837,true,1,1,0,1,0,1155,0.003888,16259,"[""siliconflow""]","[""zai-org/GLM-5.2""]"
252,2911283,passed,true,,1019 * 2857,true,1,1,0,1,0,1108,0.0036872000000000003,14883,"[""siliconflow""]","[""zai-org/GLM-5.2""]"
253,2915359,passed,true,,1019 * 2861,true,1,1,0,1,0,1090,0.003602,12575,"[""siliconflow""]","[""zai-org/GLM-5.2""]"
254,2929127,passed,true,,1009 * 2903,true,1,1,0,1,0,977,0.0031048,12424,"[""siliconflow""]","[""zai-org/GLM-5.2""]"
255,2934661,passed,true,,1013 * 2897,true,1,1,0,1,0,997,0.0031958,12394,"[""siliconflow""]","[""zai-org/GLM-5.2""]"
256,2946817,passed,true,,1013 * 2909,true,1,1,0,1,0,1226,0.0042034,17961,"[""siliconflow""]","[""zai-org/GLM-5.2""]"
257,2964271,passed,true,,1019 * 2909,true,1,1,0,1,0,1068,0.0035052000000000004,11661,"[""siliconflow""]","[""zai-org/GLM-5.2""]"
258,2976497,passed,true,,1031 * 2887,true,1,1,0,1,0,1257,0.0043368,16198,"[""siliconflow""]","[""zai-org/GLM-5.2""]"
259,2983613,passed,true,,1009 * 2957,true,1,1,0,1,0,878,0.0026692,8743,"[""siliconflow""]","[""zai-org/GLM-5.2""]"
260,2999179,passed,true,,1031 * 2909,true,1,1,0,1,0,1244,0.0042826,15728,"[""siliconflow""]","[""zai-org/GLM-5.2""]"
261,3000719,passed,true,,1021 * 2939,true,1,1,0,1,0,1296,0.0045144,15416,"[""siliconflow""]","[""zai-org/GLM-5.2""]"
262,3007427,passed,true,,1031 * 2917,true,1,1,0,1,0,1141,0.0038324,15112,"[""siliconflow""]","[""zai-org/GLM-5.2""]"
263,3019297,passed,true,,1019 * 2963,true,1,1,0,1,0,1035,0.0033660000000000005,12118,"[""siliconflow""]","[""zai-org/GLM-5.2""]"
264,3025411,passed,true,,1019 * 2969,true,1,1,0,1,0,1060,0.003473,14116,"[""siliconflow""]","[""zai-org/GLM-5.2""]"
265,3027449,passed,true,,1019 * 2971,true,1,1,0,1,0,1196,0.004068400000000001,15754,"[""siliconflow""]","[""zai-org/GLM-5.2""]"
266,3054853,passed,true,,1031 * 2963,true,1,1,0,1,0,1361,0.004800400000000001,17521,"[""siliconflow""]","[""zai-org/GLM-5.2""]"
267,3058247,passed,true,,1013 * 3019,true,1,1,0,1,0,1443,0.0051612,18687,"[""siliconflow""]","[""zai-org/GLM-5.2""]"
268,3064021,passed,true,,1021 * 3001,true,1,1,0,1,0,1044,0.0034056000000000004,11513,"[""siliconflow""]","[""zai-org/GLM-5.2""]"
269,3068369,passed,true,,1009 * 3041,true,1,1,0,1,0,934,0.0029216,9616,"[""siliconflow""]","[""zai-org/GLM-5.2""]"
270,3076361,passed,true,,1019 * 3019,true,1,1,0,1,0,944,0.0029626,10116,"[""siliconflow""]","[""zai-org/GLM-5.2""]"
271,3094703,passed,true,,1019 * 3037,true,1,1,0,1,0,1135,0.0038000000000000004,13321,"[""siliconflow""]","[""zai-org/GLM-5.2""]"
272,3104861,passed,true,,1021 * 3041,true,1,1,0,1,0,1063,0.0034892,12943,"[""siliconflow""]","[""zai-org/GLM-5.2""]"
273,3119027,passed,true,,1013 * 3079,true,1,1,0,1,0,1045,0.0034040000000000003,12239,"[""siliconflow""]","[""zai-org/GLM-5.2""]"
274,3147071,passed,true,,1009 * 3119,true,1,1,0,1,0,835,0.00248,8488,"[""siliconflow""]","[""zai-org/GLM-5.2""]"
275,3178261,passed,true,,1019 * 3119,true,1,1,0,1,0,1198,0.0040772000000000004,14938,"[""siliconflow""]","[""zai-org/GLM-5.2""]"
276,3184499,passed,true,,1021 * 3119,true,1,1,0,1,0,1152,0.0038748000000000003,13611,"[""siliconflow""]","[""zai-org/GLM-5.2""]"
277,3195503,passed,true,,1009 * 3167,true,1,1,0,1,0,927,0.0028908000000000002,9904,"[""siliconflow""]","[""zai-org/GLM-5.2""]"
278,3204119,passed,true,,1013 * 3163,true,1,1,0,1,0,1043,0.0034012000000000005,12456,"[""siliconflow""]","[""zai-org/GLM-5.2""]"
279,3205379,passed,true,,1031 * 3109,true,1,1,0,1,0,1158,0.0039072,14839,"[""siliconflow""]","[""zai-org/GLM-5.2""]"
280,3208171,passed,true,,1013 * 3167,true,1,1,0,1,0,1046,0.0034174,13067,"[""siliconflow""]","[""zai-org/GLM-5.2""]"
281,3209629,passed,true,,1009 * 3181,true,1,1,0,1,0,1050,0.003432,11558,"[""siliconflow""]","[""zai-org/GLM-5.2""]"
282,3215683,passed,true,,1009 * 3187,true,1,1,0,1,0,988,0.0031532,11779,"[""siliconflow""]","[""zai-org/GLM-5.2""]"
283,3217751,passed,true,,1031 * 3121,true,1,1,0,1,0,1127,0.0037648000000000004,13559,"[""siliconflow""]","[""zai-org/GLM-5.2""]"
284,3219719,passed,true,,1009 * 3191,true,1,1,0,1,0,939,0.0029376000000000003,10210,"[""siliconflow""]","[""zai-org/GLM-5.2""]"
285,3228431,passed,true,,1013 * 3187,true,1,1,0,1,0,1099,0.0036416,13244,"[""siliconflow""]","[""zai-org/GLM-5.2""]"
286,3247553,passed,true,,1019 * 3187,true,1,1,0,1,0,1082,0.0035668,12841,"[""siliconflow""]","[""zai-org/GLM-5.2""]"
287,3249989,passed,true,,1009 * 3221,true,1,1,0,1,0,1062,0.0034788,12547,"[""siliconflow""]","[""zai-org/GLM-5.2""]"
288,3258011,passed,true,,1021 * 3191,true,1,1,0,1,0,1172,0.0039628,14634,"[""siliconflow""]","[""zai-org/GLM-5.2""]"
289,3258061,passed,true,,1009 * 3229,true,1,1,0,1,0,992,0.0031708,10613,"[""siliconflow""]","[""zai-org/GLM-5.2""]"
290,3269971,passed,true,,1019 * 3209,true,1,1,0,1,0,1064,0.0034906,12032,"[""siliconflow""]","[""zai-org/GLM-5.2""]"
291,3282199,passed,true,,1019 * 3221,true,1,1,0,1,0,1062,0.0034788,12124,"[""siliconflow""]","[""zai-org/GLM-5.2""]"
292,3282277,passed,true,,1009 * 3253,true,1,1,0,1,0,932,0.0029067999999999997,10195,"[""siliconflow""]","[""zai-org/GLM-5.2""]"
293,3289921,passed,true,,1031 * 3191,true,1,1,0,1,0,1352,0.0047548,17334,"[""siliconflow""]","[""zai-org/GLM-5.2""]"
294,3290351,passed,true,,1019 * 3229,true,1,1,0,1,0,1221,0.0041784000000000005,14811,"[""siliconflow""]","[""zai-org/GLM-5.2""]"
295,3296809,failed,false,executor_error,,false,0,0,0,1,0,0,0.0,20119,[],[]
296,3301367,passed,true,,1013 * 3259,true,1,1,0,1,0,1056,0.0034644000000000003,12922,"[""siliconflow""]","[""zai-org/GLM-5.2""]"
297,3321313,passed,true,,1021 * 3253,true,1,1,0,1,0,1181,0.0040084000000000005,14043,"[""siliconflow""]","[""zai-org/GLM-5.2""]"
298,3329099,failed,false,executor_error,,false,0,0,0,1,0,0,0.0,20096,[],[]
299,3339691,passed,true,,1021 * 3271,true,1,1,0,1,0,1285,0.004466,17030,"[""siliconflow""]","[""zai-org/GLM-5.2""]"
300,3353843,failed,false,executor_error,,false,0,0,0,1,0,0,0.0,20127,[],[]
301,3382573,passed,true,,1021 * 3313,true,1,1,0,1,0,1246,0.004291400000000001,16800,"[""siliconflow""]","[""zai-org/GLM-5.2""]"
302,3388699,failed,false,executor_error,,false,0,0,0,1,0,0,0.0,20146,[],[]
303,3392251,passed,true,,1019 * 3329,true,1,1,0,1,0,1199,0.004090600000000001,14598,"[""siliconflow""]","[""zai-org/GLM-5.2""]"
304,3394289,passed,true,,1019 * 3331,true,1,1,0,1,0,1138,0.0038162000000000005,13983,"[""siliconflow""]","[""zai-org/GLM-5.2""]"
305,3400951,passed,true,,1021 * 3331,true,1,1,0,1,0,1229,0.0042226,14769,"[""siliconflow""]","[""zai-org/GLM-5.2""]"
306,3403331,failed,false,executor_error,,false,0,0,0,1,0,0,0.0,20095,[],[]
307,3409517,passed,true,,1031 * 3307,true,1,1,0,1,0,1459,0.0052316,19473,"[""siliconflow""]","[""zai-org/GLM-5.2""]"
308,3422821,passed,true,,1019 * 3359,true,1,1,0,1,0,1223,0.0041902,16090,"[""siliconflow""]","[""zai-org/GLM-5.2""]"
309,3441791,passed,true,,1021 * 3371,true,1,1,0,1,0,1226,0.0042064,14817,"[""siliconflow""]","[""zai-org/GLM-5.2""]"
310,3477629,passed,true,,1013 * 3433,true,1,1,0,1,0,991,0.0031694,10967,"[""siliconflow""]","[""zai-org/GLM-5.2""]"
311,3480041,passed,true,,1009 * 3449,true,1,1,0,1,0,865,0.002612,8833,"[""siliconflow""]","[""zai-org/GLM-5.2""]"
312,3484673,passed,true,,1021 * 3413,true,1,1,0,1,0,1308,0.0045612000000000005,16489,"[""siliconflow""]","[""zai-org/GLM-5.2""]"
313,3492149,passed,true,,1009 * 3461,true,1,1,0,1,0,936,0.0029304,9776,"[""siliconflow""]","[""zai-org/GLM-5.2""]"
314,3494059,passed,true,,1031 * 3389,true,1,1,0,1,0,1399,0.0049616,17628,"[""siliconflow""]","[""zai-org/GLM-5.2""]"
315,3500221,passed,true,,1009 * 3469,true,1,1,0,1,0,1065,0.0035010000000000006,14197,"[""siliconflow""]","[""zai-org/GLM-5.2""]"
316,3528797,passed,true,,1019 * 3463,true,1,1,0,1,0,1240,0.004262,16821,"[""siliconflow""]","[""zai-org/GLM-5.2""]"
317,3532873,passed,true,,1019 * 3467,true,1,1,0,1,0,1007,0.0032367999999999997,10961,"[""siliconflow""]","[""zai-org/GLM-5.2""]"
318,3533681,passed,true,,1021 * 3461,true,1,1,0,1,0,1139,0.0038176000000000004,14710,"[""siliconflow""]","[""zai-org/GLM-5.2""]"
319,3535723,passed,true,,1021 * 3463,true,1,1,0,1,0,1176,0.0039804,15171,"[""siliconflow""]","[""zai-org/GLM-5.2""]"
320,3544487,passed,true,,1013 * 3499,true,1,1,0,1,0,1007,0.0032398,11060,"[""siliconflow""]","[""zai-org/GLM-5.2""]"
321,3556643,passed,true,,1013 * 3511,true,1,1,0,1,0,980,0.003118,10371,"[""siliconflow""]","[""zai-org/GLM-5.2""]"
322,3570851,passed,true,,1009 * 3539,true,1,1,0,1,0,1028,0.0033292,11201,"[""siliconflow""]","[""zai-org/GLM-5.2""]"
323,3576539,passed,true,,1031 * 3469,true,1,1,0,1,0,1138,0.0038132,14921,"[""siliconflow""]","[""zai-org/GLM-5.2""]"
324,3578923,passed,true,,1009 * 3547,true,1,1,0,1,0,948,0.0029772,10504,"[""siliconflow""]","[""zai-org/GLM-5.2""]"
325,3578929,passed,true,,1013 * 3533,true,1,1,0,1,0,1286,0.0044644,17490,"[""siliconflow""]","[""zai-org/GLM-5.2""]"
326,3589013,passed,true,,1009 * 3557,true,1,1,0,1,0,903,0.0027792000000000003,9683,"[""siliconflow""]","[""zai-org/GLM-5.2""]"
327,3590857,passed,true,,1021 * 3517,true,1,1,0,1,0,1388,0.0049132,18725,"[""siliconflow""]","[""zai-org/GLM-5.2""]"
328,3601067,passed,true,,1021 * 3527,true,1,1,0,1,0,1248,0.004309200000000001,16356,"[""siliconflow""]","[""zai-org/GLM-5.2""]"
329,3603139,passed,true,,1009 * 3571,true,1,1,0,1,0,988,0.0031592,11219,"[""siliconflow""]","[""zai-org/GLM-5.2""]"
330,3605267,passed,true,,1013 * 3559,true,1,1,0,1,0,955,0.003017,12693,"[""siliconflow""]","[""zai-org/GLM-5.2""]"
331,3606241,passed,true,,1019 * 3539,true,1,1,0,1,0,1279,0.0044396,15859,"[""siliconflow""]","[""zai-org/GLM-5.2""]"
332,3613229,passed,true,,1009 * 3581,true,1,1,0,1,0,1140,0.0038220000000000003,13870,"[""siliconflow""]","[""zai-org/GLM-5.2""]"
333,3614393,passed,true,,1019 * 3547,true,1,1,0,1,0,1236,0.0042474,15687,"[""siliconflow""]","[""zai-org/GLM-5.2""]"
334,3617423,passed,true,,1013 * 3571,true,1,1,0,1,0,1044,0.0033996,11071,"[""siliconflow""]","[""zai-org/GLM-5.2""]"
335,3626027,failed,false,executor_error,,false,0,0,0,1,0,0,0.0,20133,[],[]
336,3627553,passed,true,,1013 * 3581,true,1,1,0,1,0,965,0.003052,11044,"[""siliconflow""]","[""zai-org/GLM-5.2""]"
337,3638399,passed,true,,1031 * 3529,true,1,1,0,1,0,1090,0.003602,13051,"[""siliconflow""]","[""zai-org/GLM-5.2""]"
338,3642523,passed,true,,1031 * 3533,true,1,1,0,1,0,1280,0.004438,17034,"[""siliconflow""]","[""zai-org/GLM-5.2""]"
339,3651077,passed,true,,1019 * 3583,true,1,1,0,1,0,1027,0.0033368,10986,"[""siliconflow""]","[""zai-org/GLM-5.2""]"
340,3661267,passed,true,,1019 * 3593,true,1,1,0,1,0,1034,0.0033646000000000006,12762,"[""siliconflow""]","[""zai-org/GLM-5.2""]"
341,3667267,passed,true,,1031 * 3557,true,1,1,0,1,0,1216,0.0041564,14964,"[""siliconflow""]","[""zai-org/GLM-5.2""]"
342,3668453,passed,true,,1021 * 3593,true,1,1,0,1,0,1114,0.0037075999999999997,12852,"[""siliconflow""]","[""zai-org/GLM-5.2""]"
343,3669329,passed,true,,1031 * 3559,true,1,1,0,1,0,1284,0.0044556000000000005,18492,"[""siliconflow""]","[""zai-org/GLM-5.2""]"
344,3678203,passed,true,,1013 * 3631,true,1,1,0,1,0,1016,0.0032764,11245,"[""siliconflow""]","[""zai-org/GLM-5.2""]"
345,3684281,passed,true,,1013 * 3637,true,1,1,0,1,0,1053,0.0034392,12253,"[""siliconflow""]","[""zai-org/GLM-5.2""]"
346,3688873,passed,true,,1021 * 3613,true,1,1,0,1,0,1225,0.004196000000000001,15005,"[""siliconflow""]","[""zai-org/GLM-5.2""]"
347,3699083,passed,true,,1021 * 3623,true,1,1,0,1,0,1164,0.0039276,13382,"[""siliconflow""]","[""zai-org/GLM-5.2""]"
348,3734309,passed,true,,1009 * 3701,true,1,1,0,1,0,881,0.0026884000000000005,9352,"[""siliconflow""]","[""zai-org/GLM-5.2""]"
349,3746863,passed,true,,1019 * 3677,true,1,1,0,1,0,1211,0.004134400000000001,15235,"[""siliconflow""]","[""zai-org/GLM-5.2""]"
350,3766597,passed,true,,1009 * 3733,true,1,1,0,1,0,1074,0.0035346,12790,"[""siliconflow""]","[""zai-org/GLM-5.2""]"
351,3775451,passed,true,,1013 * 3727,true,1,1,0,1,0,1019,0.0032896,12433,"[""siliconflow""]","[""zai-org/GLM-5.2""]"
352,3779471,passed,true,,1019 * 3709,true,1,1,0,1,0,1190,0.0040420000000000005,15121,"[""siliconflow""]","[""zai-org/GLM-5.2""]"
353,3786889,passed,true,,1021 * 3709,true,1,1,0,1,0,1369,0.0048296,17359,"[""siliconflow""]","[""zai-org/GLM-5.2""]"
354,3802921,passed,true,,1009 * 3769,true,1,1,0,1,0,1035,0.0033660000000000005,12384,"[""siliconflow""]","[""zai-org/GLM-5.2""]"
355,3809893,passed,true,,1013 * 3761,true,1,1,0,1,0,1056,0.0034584000000000004,12285,"[""siliconflow""]","[""zai-org/GLM-5.2""]"
356,3810041,passed,true,,1019 * 3739,true,1,1,0,1,0,1407,0.0049968,18100,"[""siliconflow""]","[""zai-org/GLM-5.2""]"
357,3811393,passed,true,,1021 * 3733,true,1,1,0,1,0,1275,0.004422000000000001,16433,"[""siliconflow""]","[""zai-org/GLM-5.2""]"
358,3828127,passed,true,,1013 * 3779,true,1,1,0,1,0,1153,0.0038792,13768,"[""siliconflow""]","[""zai-org/GLM-5.2""]"
359,3842309,passed,true,,1013 * 3793,true,1,1,0,1,0,1082,0.0035728,12199,"[""siliconflow""]","[""zai-org/GLM-5.2""]"
360,3857407,passed,true,,1009 * 3823,true,1,1,0,1,0,897,0.0027558,11204,"[""siliconflow""]","[""zai-org/GLM-5.2""]"
361,3865067,failed,false,executor_error,,false,0,0,0,1,0,0,0.0,20117,[],[]
362,3867497,passed,true,,1009 * 3833,true,1,1,0,1,0,947,0.0029728000000000003,10342,"[""siliconflow""]","[""zai-org/GLM-5.2""]"
363,3872699,passed,true,,1013 * 3823,true,1,1,0,1,0,989,0.0031576000000000004,11060,"[""siliconflow""]","[""zai-org/GLM-5.2""]"
364,3881623,passed,true,,1009 * 3847,true,1,1,0,1,0,960,0.0030360000000000005,10822,"[""siliconflow""]","[""zai-org/GLM-5.2""]"
365,3882829,passed,true,,1013 * 3833,true,1,1,0,1,0,1001,0.0032134000000000004,11744,"[""siliconflow""]","[""zai-org/GLM-5.2""]"
366,3882863,passed,true,,1021 * 3803,true,1,1,0,1,0,1247,0.0042928,15492,"[""siliconflow""]","[""zai-org/GLM-5.2""]"
367,3887677,passed,true,,1009 * 3853,true,1,1,0,1,0,1107,0.0036768,13046,"[""siliconflow""]","[""zai-org/GLM-5.2""]"
368,3901241,passed,true,,1021 * 3821,true,1,1,0,1,0,1137,0.0038148000000000006,16909,"[""siliconflow""]","[""zai-org/GLM-5.2""]"
369,3911893,passed,true,,1009 * 3877,true,1,1,0,1,0,1169,0.0039556,13809,"[""siliconflow""]","[""zai-org/GLM-5.2""]"
370,3914707,passed,true,,1031 * 3797,true,1,1,0,1,0,1269,0.0043926,16019,"[""siliconflow""]","[""zai-org/GLM-5.2""]"
371,3920893,passed,true,,1031 * 3803,true,1,1,0,1,0,1342,0.0047108,16380,"[""siliconflow""]","[""zai-org/GLM-5.2""]"
372,3927787,passed,true,,1021 * 3847,true,1,1,0,1,0,1149,0.0038616,13864,"[""siliconflow""]","[""zai-org/GLM-5.2""]"
373,3939451,passed,true,,1031 * 3821,true,1,1,0,1,0,1366,0.0048164,17387,"[""siliconflow""]","[""zai-org/GLM-5.2""]"
374,3954271,passed,true,,1009 * 3919,true,1,1,0,1,0,909,0.0028055999999999997,9638,"[""siliconflow""]","[""zai-org/GLM-5.2""]"
375,3969947,passed,true,,1013 * 3919,true,1,1,0,1,0,1120,0.003734,13474,"[""siliconflow""]","[""zai-org/GLM-5.2""]"
376,3985309,passed,true,,1019 * 3911,true,1,1,0,1,0,1175,0.003976,13784,"[""siliconflow""]","[""zai-org/GLM-5.2""]"
377,3997187,failed,false,executor_error,,false,0,0,0,1,0,0,0.0,20137,[],[]
378,4001299,passed,true,,1021 * 3919,true,1,1,0,1,0,1088,0.0036052000000000002,13877,"[""siliconflow""]","[""zai-org/GLM-5.2""]"
379,4001311,passed,true,,1031 * 3881,true,1,1,0,1,0,1333,0.0046832,17298,"[""siliconflow""]","[""zai-org/GLM-5.2""]"
380,4005383,passed,true,,1021 * 3923,true,1,1,0,1,0,1204,0.0041126,14155,"[""siliconflow""]","[""zai-org/GLM-5.2""]"
381,4011509,passed,true,,1021 * 3929,true,1,1,0,1,0,1205,0.0041140000000000005,16168,"[""siliconflow""]","[""zai-org/GLM-5.2""]"
382,4017917,passed,true,,1019 * 3943,true,1,1,0,1,0,1374,0.0048516,19482,"[""siliconflow""]","[""zai-org/GLM-5.2""]"
383,4025803,passed,true,,1021 * 3943,true,1,1,0,1,0,1203,0.004099200000000001,15717,"[""siliconflow""]","[""zai-org/GLM-5.2""]"
384,4037009,passed,true,,1009 * 4001,true,1,1,0,1,0,1274,0.0044176,16093,"[""siliconflow""]","[""zai-org/GLM-5.2""]"
385,4044613,passed,true,,1031 * 3923,true,1,1,0,1,0,1156,0.0038924000000000003,13296,"[""siliconflow""]","[""zai-org/GLM-5.2""]"
386,4050799,passed,true,,1031 * 3929,true,1,1,0,1,0,1234,0.004235600000000001,15554,"[""siliconflow""]","[""zai-org/GLM-5.2""]"
387,4055171,passed,true,,1009 * 4019,true,1,1,0,1,0,948,0.0029772,10505,"[""siliconflow""]","[""zai-org/GLM-5.2""]"
388,4059091,passed,true,,1013 * 4007,true,1,1,0,1,0,1044,0.0033996,11540,"[""siliconflow""]","[""zai-org/GLM-5.2""]"
389,4069357,passed,true,,1031 * 3947,true,1,1,0,1,0,1252,0.004314800000000001,14247,"[""siliconflow""]","[""zai-org/GLM-5.2""]"
390,4071247,passed,true,,1013 * 4019,true,1,1,0,1,0,968,0.0030712000000000005,10633,"[""siliconflow""]","[""zai-org/GLM-5.2""]"
391,4083133,passed,true,,1019 * 4007,true,1,1,0,1,0,1120,0.003734,12699,"[""siliconflow""]","[""zai-org/GLM-5.2""]"
392,4085441,passed,true,,1009 * 4049,true,1,1,0,1,0,1145,0.003844,13516,"[""siliconflow""]","[""zai-org/GLM-5.2""]"
393,4087459,passed,true,,1009 * 4051,true,1,1,0,1,0,1125,0.0037560000000000002,12865,"[""siliconflow""]","[""zai-org/GLM-5.2""]"
394,4091147,passed,true,,1021 * 4007,true,1,1,0,1,0,1022,0.0033088000000000006,12002,"[""siliconflow""]","[""zai-org/GLM-5.2""]"
395,4103663,passed,true,,1013 * 4051,true,1,1,0,1,0,1116,0.0037164,13199,"[""siliconflow""]","[""zai-org/GLM-5.2""]"
396,4131217,passed,true,,1031 * 4007,true,1,1,0,1,0,1253,0.0043252,15111,"[""siliconflow""]","[""zai-org/GLM-5.2""]"
397,4132027,passed,true,,1013 * 4079,true,1,1,0,1,0,1052,0.0034408000000000004,11583,"[""siliconflow""]","[""zai-org/GLM-5.2""]"
398,4136071,passed,true,,1021 * 4051,true,1,1,0,1,0,1447,0.0051728,17979,"[""siliconflow""]","[""zai-org/GLM-5.2""]"
399,4143589,passed,true,,1031 * 4019,true,1,1,0,1,0,1195,0.004064,14231,"[""siliconflow""]","[""zai-org/GLM-5.2""]"
400,4146209,passed,true,,1013 * 4093,true,1,1,0,1,0,1213,0.0041462,14783,"[""siliconflow""]","[""zai-org/GLM-5.2""]"
401,4164659,passed,true,,1021 * 4079,true,1,1,0,1,0,1237,0.0042488000000000005,14061,"[""siliconflow""]","[""zai-org/GLM-5.2""]"
402,4178953,passed,true,,1021 * 4093,true,1,1,0,1,0,1214,0.0041476,14516,"[""siliconflow""]","[""zai-org/GLM-5.2""]"
403,4186729,passed,true,,1013 * 4133,true,1,1,0,1,0,1065,0.003492,11913,"[""siliconflow""]","[""zai-org/GLM-5.2""]"
404,4189109,passed,true,,1019 * 4111,true,1,1,0,1,0,1077,0.0035448000000000003,13017,"[""siliconflow""]","[""zai-org/GLM-5.2""]"
405,4194413,passed,true,,1009 * 4157,true,1,1,0,1,0,938,0.0029332,10386,"[""siliconflow""]","[""zai-org/GLM-5.2""]"
406,4238021,passed,true,,1019 * 4159,true,1,1,0,1,0,1118,0.0037252,13044,"[""siliconflow""]","[""zai-org/GLM-5.2""]"
407,4244297,passed,true,,1021 * 4157,true,1,1,0,1,0,1095,0.003624,12470,"[""siliconflow""]","[""zai-org/GLM-5.2""]"
408,4254937,passed,true,,1031 * 4127,true,1,1,0,1,0,1350,0.004746,17888,"[""siliconflow""]","[""zai-org/GLM-5.2""]"
409,4255613,passed,true,,1013 * 4201,true,1,1,0,1,0,1075,0.003536,12330,"[""siliconflow""]","[""zai-org/GLM-5.2""]"
410,4265743,passed,true,,1013 * 4211,true,1,1,0,1,0,940,0.0029419999999999997,10079,"[""siliconflow""]","[""zai-org/GLM-5.2""]"
411,4267309,passed,true,,1031 * 4139,true,1,1,0,1,0,1458,0.0052212000000000005,18476,"[""siliconflow""]","[""zai-org/GLM-5.2""]"
412,4281743,failed,false,executor_error,,false,0,0,0,1,0,0,0.0,20082,[],[]
413,4287929,passed,true,,1031 * 4159,true,1,1,0,1,0,1510,0.00545,18656,"[""siliconflow""]","[""zai-org/GLM-5.2""]"
414,4299161,passed,true,,1019 * 4219,true,1,1,0,1,0,1074,0.0035315999999999998,12500,"[""siliconflow""]","[""zai-org/GLM-5.2""]"
415,4306487,passed,true,,1031 * 4177,true,1,1,0,1,0,1476,0.0053064,19914,"[""siliconflow""]","[""zai-org/GLM-5.2""]"
416,4307599,passed,true,,1021 * 4219,true,1,1,0,1,0,1224,0.0041976,14708,"[""siliconflow""]","[""zai-org/GLM-5.2""]"
417,4308289,passed,true,,1013 * 4253,true,1,1,0,1,0,1099,0.0036476,12517,"[""siliconflow""]","[""zai-org/GLM-5.2""]"
418,4326523,passed,true,,1013 * 4271,true,1,1,0,1,0,1081,0.0035624000000000003,13035,"[""siliconflow""]","[""zai-org/GLM-5.2""]"
419,4327601,passed,true,,1009 * 4289,true,1,1,0,1,0,1029,0.0033336000000000004,11372,"[""siliconflow""]","[""zai-org/GLM-5.2""]"
420,4333807,passed,true,,1019 * 4253,true,1,1,0,1,0,1123,0.0037562000000000003,13428,"[""siliconflow""]","[""zai-org/GLM-5.2""]"
421,4341959,passed,true,,1019 * 4261,true,1,1,0,1,0,1067,0.0035068000000000005,11646,"[""siliconflow""]","[""zai-org/GLM-5.2""]"
422,4354187,passed,true,,1019 * 4273,true,1,1,0,1,0,1126,0.0037604,13820,"[""siliconflow""]","[""zai-org/GLM-5.2""]"
423,4378643,passed,true,,1019 * 4297,true,1,1,0,1,0,1243,0.004275200000000001,14722,"[""siliconflow""]","[""zai-org/GLM-5.2""]"
424,4393091,passed,true,,1031 * 4261,true,1,1,0,1,0,1212,0.004138800000000001,14755,"[""siliconflow""]","[""zai-org/GLM-5.2""]"
425,4396213,passed,true,,1009 * 4357,true,1,1,0,1,0,1034,0.0033556,12820,"[""siliconflow""]","[""zai-org/GLM-5.2""]"
426,4405537,passed,true,,1013 * 4349,true,1,1,0,1,0,1084,0.0035756,13304,"[""siliconflow""]","[""zai-org/GLM-5.2""]"
427,4419403,passed,true,,1019 * 4337,true,1,1,0,1,0,1323,0.004627200000000001,16056,"[""siliconflow""]","[""zai-org/GLM-5.2""]"
428,4421441,passed,true,,1019 * 4339,true,1,1,0,1,0,1295,0.00451,16515,"[""siliconflow""]","[""zai-org/GLM-5.2""]"
429,4428077,failed,false,executor_error,,false,0,0,0,1,0,0,0.0,20111,[],[]
430,4429849,passed,true,,1013 * 4373,true,1,1,0,1,0,1042,0.0033938,12275,"[""siliconflow""]","[""zai-org/GLM-5.2""]"
431,4430119,passed,true,,1021 * 4339,true,1,1,0,1,0,1419,0.0050496000000000004,17478,"[""siliconflow""]","[""zai-org/GLM-5.2""]"
432,4445897,passed,true,,1019 * 4363,true,1,1,0,1,0,1249,0.0043016,15006,"[""siliconflow""]","[""zai-org/GLM-5.2""]"
433,4448083,passed,true,,1013 * 4391,true,1,1,0,1,0,1059,0.0034656,11922,"[""siliconflow""]","[""zai-org/GLM-5.2""]"
434,4448497,passed,true,,1021 * 4357,true,1,1,0,1,0,1188,0.004033200000000001,14529,"[""siliconflow""]","[""zai-org/GLM-5.2""]"
435,4448681,passed,true,,1009 * 4409,true,1,1,0,1,0,1011,0.0032544,11281,"[""siliconflow""]","[""zai-org/GLM-5.2""]"
436,4454623,passed,true,,1021 * 4363,true,1,1,0,1,0,1300,0.0045260000000000005,16050,"[""siliconflow""]","[""zai-org/GLM-5.2""]"
437,4480969,passed,true,,1009 * 4441,true,1,1,0,1,0,937,0.0029288,10191,"[""siliconflow""]","[""zai-org/GLM-5.2""]"
438,4487023,passed,true,,1009 * 4447,true,1,1,0,1,0,890,0.002722,11967,"[""siliconflow""]","[""zai-org/GLM-5.2""]"
439,4491059,passed,true,,1009 * 4451,true,1,1,0,1,0,965,0.003058,10142,"[""siliconflow""]","[""zai-org/GLM-5.2""]"
440,4492067,passed,true,,1031 * 4357,true,1,1,0,1,0,1266,0.0043824,16400,"[""siliconflow""]","[""zai-org/GLM-5.2""]"
441,4503167,failed,false,executor_error,,false,0,0,0,1,0,0,0.0,20094,[],[]
442,4507037,failed,false,executor_error,,false,0,0,0,1,0,0,0.0,20096,[],[]
443,4514941,passed,true,,1013 * 4457,true,1,1,0,1,0,1070,0.0035139999999999998,12328,"[""siliconflow""]","[""zai-org/GLM-5.2""]"
444,4533307,passed,true,,1031 * 4397,true,1,1,0,1,0,1141,0.0038324,13679,"[""siliconflow""]","[""zai-org/GLM-5.2""]"
445,4539253,passed,true,,1013 * 4481,true,1,1,0,1,0,1059,0.0034656,11545,"[""siliconflow""]","[""zai-org/GLM-5.2""]"
446,4544471,passed,true,,1021 * 4451,true,1,1,0,1,0,1180,0.003998000000000001,15144,"[""siliconflow""]","[""zai-org/GLM-5.2""]"
447,4551409,passed,true,,1013 * 4493,true,1,1,0,1,0,981,0.0031284000000000004,10928,"[""siliconflow""]","[""zai-org/GLM-5.2""]"
448,4558051,passed,true,,1031 * 4421,true,1,1,0,1,0,1394,0.0049396,18933,"[""siliconflow""]","[""zai-org/GLM-5.2""]"
449,4563707,passed,true,,1009 * 4523,true,1,1,0,1,0,1041,0.0033924000000000003,12326,"[""siliconflow""]","[""zai-org/GLM-5.2""]"
450,4575721,passed,true,,1013 * 4517,true,1,1,0,1,0,1007,0.0032398,12772,"[""siliconflow""]","[""zai-org/GLM-5.2""]"
451,4578367,passed,true,,1019 * 4493,true,1,1,0,1,0,1297,0.0045128,18386,"[""siliconflow""]","[""zai-org/GLM-5.2""]"
452,4578671,passed,true,,1031 * 4441,true,1,1,0,1,0,1249,0.0043016,15641,"[""siliconflow""]","[""zai-org/GLM-5.2""]"
453,4587353,passed,true,,1021 * 4493,true,1,1,0,1,0,1350,0.004746,16665,"[""siliconflow""]","[""zai-org/GLM-5.2""]"
454,4589941,passed,true,,1009 * 4549,true,1,1,0,1,0,959,0.0030256,10346,"[""siliconflow""]","[""zai-org/GLM-5.2""]"
455,4602823,passed,true,,1019 * 4517,true,1,1,0,1,0,1025,0.003316,11886,"[""siliconflow""]","[""zai-org/GLM-5.2""]"
456,4657027,passed,true,,1031 * 4517,true,1,1,0,1,0,1308,0.0045612000000000005,16132,"[""siliconflow""]","[""zai-org/GLM-5.2""]"
457,4659089,passed,true,,1031 * 4519,true,1,1,0,1,0,1236,0.004244400000000001,15295,"[""siliconflow""]","[""zai-org/GLM-5.2""]"
458,4662589,passed,true,,1009 * 4621,true,1,1,0,1,0,1011,0.0032544,10742,"[""siliconflow""]","[""zai-org/GLM-5.2""]"
459,4662839,passed,true,,1013 * 4603,true,1,1,0,1,0,1158,0.0039012000000000005,14220,"[""siliconflow""]","[""zai-org/GLM-5.2""]"
460,4678229,passed,true,,1019 * 4591,true,1,1,0,1,0,1144,0.0038396000000000003,13115,"[""siliconflow""]","[""zai-org/GLM-5.2""]"
461,4697281,passed,true,,1013 * 4637,true,1,1,0,1,0,1202,0.004094800000000001,14328,"[""siliconflow""]","[""zai-org/GLM-5.2""]"
462,4733749,passed,true,,1013 * 4673,true,1,1,0,1,0,1189,0.0040376000000000006,13533,"[""siliconflow""]","[""zai-org/GLM-5.2""]"
463,4739507,passed,true,,1031 * 4597,true,1,1,0,1,0,1354,0.004763600000000001,18154,"[""siliconflow""]","[""zai-org/GLM-5.2""]"
464,4739827,passed,true,,1013 * 4679,true,1,1,0,1,0,1250,0.004306000000000001,15166,"[""siliconflow""]","[""zai-org/GLM-5.2""]"
465,4745327,passed,true,,1009 * 4703,true,1,1,0,1,0,1071,0.0035184,13139,"[""siliconflow""]","[""zai-org/GLM-5.2""]"
466,4763489,passed,true,,1009 * 4721,true,1,1,0,1,0,1121,0.0037384000000000002,13739,"[""siliconflow""]","[""zai-org/GLM-5.2""]"
467,4767901,passed,true,,1019 * 4679,true,1,1,0,1,0,1182,0.0040068000000000005,13632,"[""siliconflow""]","[""zai-org/GLM-5.2""]"
468,4782373,failed,false,executor_error,,false,0,0,0,1,0,0,0.0,20121,[],[]
469,4784399,passed,true,,1013 * 4723,true,1,1,0,1,0,1083,0.0035712,13034,"[""siliconflow""]","[""zai-org/GLM-5.2""]"
470,4786933,passed,true,,1031 * 4643,true,1,1,0,1,0,1190,0.0040420000000000005,14282,"[""siliconflow""]","[""zai-org/GLM-5.2""]"
471,4792357,passed,true,,1019 * 4703,true,1,1,0,1,0,1217,0.0041668,14879,"[""siliconflow""]","[""zai-org/GLM-5.2""]"
472,4793119,failed,false,executor_error,,false,0,0,0,1,0,0,0.0,20106,[],[]
473,4801763,passed,true,,1021 * 4703,true,1,1,0,1,0,1157,0.0039088000000000005,13364,"[""siliconflow""]","[""zai-org/GLM-5.2""]"
474,4810699,passed,true,,1019 * 4721,true,1,1,0,1,0,1180,0.003998000000000001,13810,"[""siliconflow""]","[""zai-org/GLM-5.2""]"
475,4817863,passed,true,,1031 * 4673,true,1,1,0,1,0,1407,0.0049968,17390,"[""siliconflow""]","[""zai-org/GLM-5.2""]"
476,4828309,passed,true,,1021 * 4729,true,1,1,0,1,0,1183,0.0040112,13726,"[""siliconflow""]","[""zai-org/GLM-5.2""]"
477,4832101,passed,true,,1009 * 4789,true,1,1,0,1,0,1076,0.0035464000000000003,12177,"[""siliconflow""]","[""zai-org/GLM-5.2""]"
478,4842191,failed,false,product_mismatch,1009 * 4801,true,1,1,0,1,0,971,0.0030784000000000002,10589,"[""siliconflow""]","[""zai-org/GLM-5.2""]"
479,4844209,passed,true,,1009 * 4801,true,1,1,0,1,0,1104,0.0036696000000000003,14190,"[""siliconflow""]","[""zai-org/GLM-5.2""]"
480,4845179,passed,true,,1013 * 4783,true,1,1,0,1,0,1143,0.0038382000000000004,15854,"[""siliconflow""]","[""zai-org/GLM-5.2""]"
481,4849231,passed,true,,1013 * 4787,true,1,1,0,1,0,1052,0.0034348,11878,"[""siliconflow""]","[""zai-org/GLM-5.2""]"
482,4850771,passed,true,,1021 * 4751,true,1,1,0,1,0,1246,0.0042884,17060,"[""siliconflow""]","[""zai-org/GLM-5.2""]"
483,4851257,passed,true,,1013 * 4789,true,1,1,0,1,0,1266,0.0043824,16302,"[""siliconflow""]","[""zai-org/GLM-5.2""]"
484,4856317,passed,true,,1009 * 4813,true,1,1,0,1,0,924,0.0028716,9528,"[""siliconflow""]","[""zai-org/GLM-5.2""]"
485,4869413,passed,true,,1031 * 4723,true,1,1,0,1,0,1211,0.004134400000000001,14358,"[""siliconflow""]","[""zai-org/GLM-5.2""]"
486,4884067,passed,true,,1019 * 4793,true,1,1,0,1,0,1080,0.003558,12139,"[""siliconflow""]","[""zai-org/GLM-5.2""]"
487,4898281,passed,true,,1031 * 4751,true,1,1,0,1,0,1272,0.0044028,17276,"[""siliconflow""]","[""zai-org/GLM-5.2""]"
488,4922789,failed,false,executor_error,,false,0,0,0,1,0,0,0.0,20101,[],[]
489,4947769,passed,true,,1031 * 4799,true,1,1,0,1,0,1317,0.0046008,17434,"[""siliconflow""]","[""zai-org/GLM-5.2""]"
490,4995559,passed,true,,1009 * 4951,true,1,1,0,1,0,983,0.0031312,11590,"[""siliconflow""]","[""zai-org/GLM-5.2""]"
491,5012461,passed,true,,1019 * 4919,true,1,1,0,1,0,1484,0.0053356,20067,"[""siliconflow""]","[""zai-org/GLM-5.2""]"
492,5015363,passed,true,,1013 * 4951,true,1,1,0,1,0,1169,0.0039496,16586,"[""siliconflow""]","[""zai-org/GLM-5.2""]"
493,5022001,passed,true,,1031 * 4871,true,1,1,0,1,0,1426,0.0050864000000000005,19372,"[""siliconflow""]","[""zai-org/GLM-5.2""]"
494,5037649,passed,true,,1013 * 4973,true,1,1,0,1,0,1010,0.0032500000000000003,11487,"[""siliconflow""]","[""zai-org/GLM-5.2""]"
495,5046803,passed,true,,1021 * 4943,true,1,1,0,1,0,1212,0.004138800000000001,17141,"[""siliconflow""]","[""zai-org/GLM-5.2""]"
496,5054971,passed,true,,1021 * 4951,true,1,1,0,1,0,1333,0.0046712,16740,"[""siliconflow""]","[""zai-org/GLM-5.2""]"
497,5061097,passed,true,,1021 * 4957,true,1,1,0,1,0,1058,0.0034672000000000006,11924,"[""siliconflow""]","[""zai-org/GLM-5.2""]"
498,5073349,passed,true,,1021 * 4969,true,1,1,0,1,0,1330,0.004658,16638,"[""siliconflow""]","[""zai-org/GLM-5.2""]"
499,5103979,passed,true,,1021 * 4999,true,1,1,0,1,0,1398,0.0049572,17964,"[""siliconflow""]","[""zai-org/GLM-5.2""]"
